ID,Transfer Code,Original Amount,Amount Used,Remaining Balance,Fee,Currency,Issued To,Issued By,Issue Type,Issued Date,Use Time,Notes,Driver License,Driver State,Driver Id,Hubometer,Reefer Hours,License State,License Number,Odometer,PO Number,Trip Number,Trailer Number,Unit Number,Control Number,Birthday,Reefer Tempatur,PIN Number,Subfleet,Billing Id,First Inital,Last Name,Driver Name,SSN
108380557,1085989337,140.00,140.00,0.00,1.50,USD,Darian ,nate_clonts,E_MANAGER,2015-11-04,2015-11-04,PO 2181 LMPR LD45-3829 ,,,,,,,,,,,,,,,,,,,,,,
108364877,1877357947,80.00,80.00,0.00,1.50,USD,Darian ,nate_clonts,E_MANAGER,2015-11-02,2015-11-02,PO 2121 LMPR LD 45-3829 ,,,,,,,,,,,,,,,,,,,,,,
108351384,2390298327,234.00,234.00,0.00,1.50,USD,warren,ezra_white,E_MANAGER,2015-10-30,2015-10-30,lumper for warren no PO yet,,,,,,,,,,,,,,,,,,,,,,
108394844,2409302720,330.00,0.00,330.00,1.50,USD,SUPERVALUE,nate_clonts,E_MANAGER,2015-11-05,2015-11-05,2227,,,,,,,,,,,,,,,,,,,,,,
108367244,2567541165,120.00,120.00,0.00,1.50,USD,Sterling,ezra_white,E_MANAGER,2015-11-02,2015-11-02,PO 2132,,,,,,,,,,,,,,,,,,,,,,
108388629,3016081079,50.00,0.00,50.00,1.50,USD,Seven Roy,nate_clonts,E_MANAGER,2015-11-05,2015-11-05,PO 2203 LMPR Ld 90653 ,,,,,,,,,,,,,,,,,,,,,,
108359475,3625596048,100.00,100.00,0.00,1.50,USD,Harold Ramirez,pete_k,E_MANAGER,2015-11-01,2015-11-01,Lumper Fee,,,,,,,,,,,,,,,,,,,,,,
108353049,3669721865,20.00,20.00,0.00,1.50,USD,kyle,ezra_white,E_MANAGER,2015-10-30,2015-10-30,pad lock for kyle,,,,,,,,,,,,,,,,,,,,,,
108382070,3899198381,120.00,120.00,0.00,1.50,USD,Steven Lichty,nate_clonts,E_MANAGER,2015-11-04,2015-11-04,PO 2184 Workin-Fee Steve L,,,,,,,,,,,,,,,,,,,,,,
